pair,volume,bid,ask,spread
BNB/USDT,282196575.61907,640.22,640.23,0.009999999999990905
