pair,volume,bid,ask,spread
BTC/USDC,793915437.0300603,103237.99,103238.0,0.00999999999476131
