pair,volume,bid,ask,spread
ETH/DAI,2427124.851049,2352.2,2358.47,6.269999999999982
