pair,volume,bid,ask,spread
ETH/USDT,4681405858.305865,2354.6,2354.61,0.010000000000218279
