pair,volume,bid,ask,spread
ETH/USDC,2993498335.085255,2355.54,2355.87,0.32999999999992724
