pair,volume,bid,ask,spread
LTC/USDT,101766180.53637,99.65,99.66,0.009999999999990905
