pair,volume,bid,ask,spread
SOL/USDC,965760474.52172,173.7,173.72,0.020000000000010232
