pair,volume,bid,ask,spread
BNB/USDT,288505072.88669,637.22,637.23,0.009999999999990905
