pair,volume,bid,ask,spread
BTC/USDC,799968753.2251405,102825.9,102825.91,0.010000000009313226
