pair,volume,bid,ask,spread
BTC/DAI,868303.0799432,102821.32,102980.59,159.26999999998952
