pair,volume,bid,ask,spread
ETH/USDC,3034687390.954374,2329.6,2330.4,0.8000000000001819
