pair,volume,bid,ask,spread
ETH/USDT,4768232765.887109,2329.6,2329.61,0.010000000000218279
