pair,volume,bid,ask,spread
ETH/DAI,2415017.609036,2329.15,2334.6,5.449999999999818
