pair,volume,bid,ask,spread
LTC/USDT,103862293.31147,98.33,98.34,0.010000000000005116
