pair,volume,bid,ask,spread
SOL/USDC,990170995.61707,171.99,172.04,0.04999999999998295
